,Global Ranking,Country,Index Score,Year
92,93,Albania,30.9,2013
235,94,Albania,30.5,2014
371,87,Albania,30.7,2015
517,92,Albania,28.4,2016
646,93,Albania,28.9,2017
763,83,Albania,30,2018
889,83,Albania,30.3,2019
1018,83,Albania,27.1,2020
1150,84,Albania,28,2021
1282,84,Albania,24.4,2022
137,138,Algeria,23.1,2013
274,133,Algeria,24.2,2014
410,126,Algeria,24.4,2015
538,113,Algeria,24.5,2016
661,108,Algeria,24.3,2017
790,110,Algeria,23.9,2018
919,113,Algeria,24,2019
1056,121,Algeria,19.5,2020
1186,120,Algeria,19.9,2021
1313,115,Algeria,16.7,2022
134,135,Angola,23.5,2013
276,135,Angola,23.8,2014
404,120,Angola,26.2,2015
1198,132,Angola,15,2021
1325,127,Angola,13.9,2022
55,56,Argentina,37.7,2013
211,70,Argentina,35.1,2014
356,72,Argentina,34.3,2015
506,81,Argentina,30.2,2016
629,76,Argentina,32,2017
760,80,Argentina,30.7,2018
879,73,Argentina,31.9,2019
1015,80,Argentina,28.3,2020
1139,73,Argentina,29.8,2021
1267,69,Argentina,28.6,2022
58,59,Armenia,37.6,2013
206,65,Armenia,36.1,2014
345,61,Armenia,37.3,2015
485,60,Armenia,35.1,2016
612,59,Armenia,35.7,2017
748,68,Armenia,32.8,2018
870,64,Armenia,34,2019
996,61,Armenia,32.6,2020
1135,69,Armenia,31.4,2021
1278,80,Armenia,26.6,2022
18,19,Australia,53.1,2013
158,17,Australia,55,2014
301,17,Australia,55.2,2015
444,19,Australia,53.1,2016
576,23,Australia,51.8,2017
700,20,Australia,52,2018
828,22,Australia,50.3,2019
958,23,Australia,48.4,2020
1091,25,Australia,48.3,2021
1223,25,Australia,47.1,2022
22,23,Austria,51.9,2013
161,20,Austria,53.4,2014
302,18,Austria,54.1,2015
445,20,Austria,52.6,2016
573,20,Austria,53.1,2017
701,21,Austria,51.3,2018
827,21,Austria,50.9,2019
954,19,Austria,50.1,2020
1084,18,Austria,50.9,2021
1215,17,Austria,50.2,2022
104,105,Azerbaijan,29,2013
242,101,Azerbaijan,29.6,2014
377,93,Azerbaijan,30.1,2015
510,85,Azerbaijan,29.6,2016
635,82,Azerbaijan,30.6,2017
762,82,Azerbaijan,30.2,2018
890,84,Azerbaijan,30.2,2019
1017,82,Azerbaijan,27.2,2020
1146,80,Azerbaijan,28.4,2021
1291,93,Azerbaijan,21.4,2022
66,67,Bahrain,36.1,2013
203,62,Bahrain,36.3,2014
343,59,Bahrain,37.7,2015
482,57,Bahrain,35.5,2016
619,66,Bahrain,34.7,2017
752,72,Bahrain,31.7,2018
884,78,Bahrain,31.1,2019
1014,79,Bahrain,28.4,2020
1144,78,Bahrain,28.8,2021
1270,72,Bahrain,27.9,2022
129,130,Bangladesh,24.5,2013
270,129,Bangladesh,24.4,2014
413,129,Bangladesh,23.7,2015
542,117,Bangladesh,22.9,2016
667,114,Bangladesh,23.7,2017
796,116,Bangladesh,23.1,2018
922,116,Bangladesh,23.3,2019
1051,116,Bangladesh,20.4,2020
1182,116,Bangladesh,20.2,2021
1300,102,Bangladesh,19.7,2022
46,47,Barbados,40.5,2013
182,41,Barbados,40.8,2014
321,37,Barbados,42.5,2015
76,77,Belarus,34.6,2013
199,58,Belarus,37.1,2014
337,53,Belarus,38.2,2015
504,79,Belarus,30.4,2016
641,88,Belarus,30,2017
766,86,Belarus,29.4,2018
878,72,Belarus,32.1,2019
999,64,Belarus,31.3,2020
1128,62,Belarus,32.6,2021
1275,77,Belarus,27.5,2022
20,21,Belgium,52.5,2013
164,23,Belgium,51.7,2014
309,25,Belgium,50.9,2015
448,23,Belgium,52,2016
580,27,Belgium,49.9,2017
705,25,Belgium,50.5,2018
829,23,Belgium,50.2,2019
957,22,Belgium,49.1,2020
1088,22,Belgium,49.2,2021
1224,26,Belgium,46.9,2022
101,102,Belize,30,2013
126,127,Benin,25.1,2013
273,132,Benin,24.2,2014
546,121,Benin,22.2,2016
669,116,Benin,23,2017
801,121,Benin,20.6,2018
929,123,Benin,20.4,2019
1061,126,Benin,18.1,2020
1194,128,Benin,18,2021
1322,124,Benin,14.6,2022
227,86,Bhutan,31.8,2014
405,121,Bhutan,26.1,2015
521,96,Bhutan,27.9,2016
916,110,Bolivia,24.8,2019
1040,105,Bolivia,22.4,2020
1170,104,Bolivia,23.4,2021
252,111,Bolivia,27.8,2014
94,95,Bolivia,30.5,2013
388,104,Bolivia,28.6,2015
534,109,Bolivia,25.2,2016
659,106,Bolivia,25.6,2017
797,117,Bolivia,22.9,2018
64,65,Bosnia and Herz.,36.2,2013
222,81,Bosnia and Herz.,32.4,2014
363,79,Bosnia and Herz.,32.3,2015
512,87,Bosnia and Herz.,29.6,2016
639,86,Bosnia and Herz.,30.2,2017
757,77,Bosnia and Herz.,31.1,2018
882,76,Bosnia and Herz.,31.4,2019
1009,74,Bosnia and Herz.,29,2020
1141,75,Bosnia and Herz.,29.6,2021
1268,70,Bosnia and Herz.,28.5,2022
90,91,Botswana,31.1,2013
233,92,Botswana,30.9,2014
374,90,Botswana,30.5,2015
515,90,Botswana,29,2016
642,89,Botswana,30,2017
771,91,Botswana,28.2,2018
899,93,Botswana,27.4,2019
1024,89,Botswana,25.4,2020
1172,106,Botswana,22.9,2021
1284,86,Botswana,23.9,2022
63,64,Brazil,36.3,2013
202,61,Brazil,36.3,2014
354,70,Brazil,34.9,2015
494,69,Brazil,33.2,2016
622,69,Brazil,33.1,2017
744,64,Brazil,33.4,2018
872,66,Brazil,33.8,2019
997,62,Brazil,31.9,2020
1123,57,Brazil,34.2,2021
1252,54,Brazil,32.5,2022
73,74,Brunei,35.5,2013
229,88,Brunei,31.7,2014
624,71,Brunei,32.9,2017
747,67,Brunei,32.8,2018
877,71,Brunei,32.3,2019
1006,71,Brunei,29.8,2020
1148,82,Brunei,28.2,2021
1290,92,Brunei,22.1,2022
40,41,Bulgaria,41.3,2013
185,44,Bulgaria,40.7,2014
323,39,Bulgaria,42.2,2015
463,38,Bulgaria,41.4,2016
589,36,Bulgaria,42.8,2017
717,37,Bulgaria,42.6,2018
846,40,Bulgaria,40.3,2019
972,37,Bulgaria,40,2020
1101,35,Bulgaria,42.4,2021
1233,35,Bulgaria,39.5,2022
115,116,Burkina Faso,27,2013
250,109,Burkina Faso,28.2,2014
386,102,Burkina Faso,28.7,2015
547,122,Burkina Faso,21,2016
673,120,Burkina Faso,21.9,2017
804,124,Burkina Faso,18.9,2018
923,117,Burkina Faso,23.3,2019
1053,118,Burkina Faso,20,2020
1181,115,Burkina Faso,20.5,2021
1318,120,Burkina Faso,15.3,2022
279,138,Burundi,22.4,2014
420,136,Burundi,21,2015
548,123,Burundi,20.9,2016
675,122,Burundi,21.3,2017
934,128,Burundi,17.6,2019
1328,130,Burundi,12.3,2022
1307,109,Côte d'Ivoire,17.8,2022
238,97,Cabo Verde,30.1,2014
387,103,Cabo Verde,28.6,2015
1035,100,Cabo Verde,23.9,2020
1155,89,Cabo Verde,25.7,2021
109,110,Cambodia,28.1,2013
247,106,Cambodia,28.7,2014
375,91,Cambodia,30.4,2015
520,95,Cambodia,27.9,2016
654,101,Cambodia,27,2017
778,98,Cambodia,26.7,2018
904,98,Cambodia,26.6,2019
1045,110,Cambodia,21.5,2020
1175,109,Cambodia,22.8,2021
1295,97,Cambodia,20.5,2022
124,125,Cameroon,25.7,2013
255,114,Cameroon,27.5,2014
394,110,Cameroon,27.8,2015
543,118,Cameroon,22.8,2016
670,117,Cameroon,22.6,2017
791,111,Cameroon,23.8,2018
921,115,Cameroon,23.9,2019
1054,119,Cameroon,20,2020
1189,123,Cameroon,19.7,2021
1319,121,Cameroon,15.1,2022
10,11,Canada,57.6,2013
153,12,Canada,56.1,2014
300,16,Canada,55.7,2015
440,15,Canada,54.7,2016
571,18,Canada,53.7,2017
698,18,Canada,53,2018
823,17,Canada,53.9,2019
952,17,Canada,52.3,2020
1082,16,Canada,53.1,2021
1213,15,Canada,50.8,2022
102,103,Cabo Verde,29.7,2013
45,46,Chile,40.6,2013
187,46,Chile,40.6,2014
326,42,Chile,41.2,2015
469,44,Chile,38.4,2016
599,46,Chile,38.7,2017
727,47,Chile,37.8,2018
857,51,Chile,36.6,2019
989,54,Chile,33.9,2020
1119,53,Chile,35.1,2021
1248,50,Chile,34,2022
34,35,China,44.7,2013
170,29,China,46.6,2014
313,29,China,47.5,2015
450,25,China,50.6,2016
575,22,China,52.5,2017
697,17,China,53.1,2018
820,14,China,54.8,2019
949,14,China,53.3,2020
1078,12,China,54.8,2021
1209,11,China,55.3,2022
59,60,Colombia,37.4,2013
209,68,Colombia,35.5,2014
351,67,Colombia,36.4,2015
488,63,Colombia,34.2,2016
618,65,Colombia,34.8,2017
743,63,Colombia,33.8,2018
873,67,Colombia,33,2019
1003,68,Colombia,30.8,2020
1133,67,Colombia,31.7,2021
1261,63,Colombia,29.2,2022
38,39,Costa Rica,41.5,2013
198,57,Costa Rica,37.3,2014
335,51,Costa Rica,38.6,2015
470,45,Costa Rica,38.4,2016
606,53,Costa Rica,37.1,2017
734,54,Costa Rica,35.7,2018
861,55,Costa Rica,36.1,2019
991,56,Costa Rica,33.5,2020
1122,56,Costa Rica,34.5,2021
1266,68,Costa Rica,28.7,2022
909,103,Côte d'Ivoire,25.6,2019
135,136,Côte d'Ivoire,23.4,2013
257,116,Côte d'Ivoire,27,2014
400,116,Côte d'Ivoire,27.2,2015
533,108,Côte d'Ivoire,25.8,2016
665,112,Côte d'Ivoire,24,2017
1180,114,Côte d'Ivoire,21,2021
36,37,Croatia,41.9,2013
183,42,Croatia,40.7,2014
324,40,Croatia,41.7,2015
472,47,Croatia,38.3,2016
594,41,Croatia,39.8,2017
721,41,Croatia,40.7,2018
850,44,Croatia,37.8,2019
976,41,Croatia,37.3,2020
1108,42,Croatia,37.3,2021
1240,42,Croatia,35.6,2022
26,27,Cyprus,49.3,2013
171,30,Cyprus,45.8,2014
318,34,Cyprus,43.5,2015
456,31,Cyprus,46.3,2016
583,30,Cyprus,46.8,2017
709,29,Cyprus,47.8,2018
834,28,Cyprus,48.3,2019
964,29,Cyprus,45.7,2020
1094,28,Cyprus,46.7,2021
1225,27,Cyprus,46.2,2022
27,28,Czechia,48.4,2013
167,26,Czechia,50.2,2014
308,24,Czechia,51.3,2015
452,27,Czechia,49.4,2016
577,24,Czechia,51,2017
707,27,Czechia,48.7,2018
1090,24,Czechia,49,2021
1228,30,Czechia,42.8,2022
832,26,Czechia,49.4,2019
959,24,Czechia,48.3,2020
803,123,Côte d'Ivoire,20,2018
1047,112,Côte d'Ivoire,21.2,2020
8,9,Denmark,58.3,2013
149,8,Denmark,57.5,2014
294,10,Denmark,57.7,2015
433,8,Denmark,58.5,2016
559,6,Denmark,58.7,2017
688,8,Denmark,58.4,2018
813,7,Denmark,58.4,2019
941,6,Denmark,57.5,2020
1075,9,Denmark,57.3,2021
1208,10,Denmark,55.9,2022
78,79,Dominican Rep.,33.3,2013
224,83,Dominican Rep.,32.3,2014
373,89,Dominican Rep.,30.6,2015
501,76,Dominican Rep.,30.6,2016
632,79,Dominican Rep.,31.2,2017
767,87,Dominican Rep.,29.3,2018
1159,93,Dominican Rep.,25.1,2021
1288,90,Dominican Rep.,22.7,2022
893,87,Dominican Rep.,28.6,2019
1025,90,Dominican Rep.,25.1,2020
82,83,Ecuador,32.8,2013
256,115,Ecuador,27.5,2014
403,119,Ecuador,26.9,2015
525,100,Ecuador,27.1,2016
645,92,Ecuador,29.1,2017
777,97,Ecuador,26.8,2018
905,99,Ecuador,26.6,2019
1034,99,Ecuador,24.1,2020
1157,91,Ecuador,25.4,2021
1296,98,Ecuador,20.3,2022
107,108,Egypt,28.5,2013
240,99,Egypt,30,2014
384,100,Egypt,28.9,2015
532,107,Egypt,26,2016
658,105,Egypt,26,2017
775,95,Egypt,27.2,2018
898,92,Egypt,27.5,2019
1031,96,Egypt,24.2,2020
1160,94,Egypt,25.1,2021
1287,89,Egypt,22.7,2022
87,88,El Salvador,31.3,2013
244,103,El Salvador,29.1,2014
383,99,El Salvador,29.3,2015
529,104,El Salvador,26.6,2016
656,103,El Salvador,26.7,2017
784,104,El Salvador,25.1,2018
914,108,El Salvador,24.9,2019
1027,92,El Salvador,24.8,2020
1162,96,El Salvador,25,2021
1298,100,El Salvador,19.9,2022
24,25,Estonia,50.6,2013
165,24,Estonia,51.5,2014
307,23,Estonia,52.8,2015
449,24,Estonia,51.7,2016
578,25,Estonia,50.9,2017
704,24,Estonia,50.5,2018
830,24,Estonia,50,2019
960,25,Estonia,48.3,2020
1087,21,Estonia,49.9,2021
1216,18,Estonia,50.2,2022
128,129,Ethiopia,24.8,2013
267,126,Ethiopia,25.4,2014
411,127,Ethiopia,24.2,2015
535,110,Ethiopia,24.8,2016
663,110,Ethiopia,24.2,2017
917,111,Ethiopia,24.2,2019
1062,127,Ethiopia,18.1,2020
1192,126,Ethiopia,18.6,2021
1315,117,Ethiopia,16.3,2022
96,97,Fiji,30.5,2013
236,95,Fiji,30.4,2014
399,115,Fiji,27.3,2015
5,6,Finland,59.5,2013
145,4,Finland,60.7,2014
290,6,Finland,60,2015
430,5,Finland,59.9,2016
561,8,Finland,58.5,2017
687,7,Finland,59.6,2018
812,6,Finland,59.8,2019
942,7,Finland,57,2020
1073,7,Finland,58.4,2021
1207,9,Finland,56.9,2022
19,20,France,52.8,2013
163,22,France,52.2,2014
305,21,France,53.6,2015
443,18,France,54,2016
568,15,France,54.2,2017
696,16,France,54.4,2018
822,16,France,54.2,2019
947,12,France,53.7,2020
1077,11,France,55,2021
1210,12,France,55,2022
110,111,Gabon,28,2013
121,122,Gambia,26.4,2013
245,104,Gambia,29,2014
396,112,Gambia,27.5,2015
72,73,Georgia,35.6,2013
215,74,Georgia,34.5,2014
357,73,Georgia,33.8,2015
489,64,Georgia,33.9,2016
621,68,Georgia,34.4,2017
739,59,Georgia,35,2018
854,48,Georgia,37,2019
998,63,Georgia,31.8,2020
1129,63,Georgia,32.4,2021
1272,74,Georgia,27.9,2022
14,15,Germany,55.8,2013
154,13,Germany,56,2014
296,12,Germany,57.1,2015
435,10,Germany,57.9,2016
562,9,Germany,58.4,2017
689,9,Germany,58,2018
815,9,Germany,58.2,2019
944,9,Germany,56.5,2020
1076,10,Germany,57.3,2021
1206,8,Germany,57.2,2022
93,94,Ghana,30.6,2013
237,96,Ghana,30.3,2014
392,108,Ghana,28,2015
527,102,Ghana,26.7,2016
787,107,Ghana,24.5,2018
912,106,Ghana,25.3,2019
1043,108,Ghana,22.3,2020
1178,112,Ghana,22.3,2021
1293,95,Ghana,20.8,2022
54,55,Greece,37.7,2013
191,50,Greece,38.9,2014
329,45,Greece,40.3,2015
465,40,Greece,39.8,2016
597,44,Greece,38.8,2017
722,42,Greece,38.9,2018
847,41,Greece,38.9,2019
978,43,Greece,36.8,2020
1113,47,Greece,36.3,2021
1242,44,Greece,34.5,2022
86,87,Guatemala,31.5,2013
234,93,Guatemala,30.8,2014
385,101,Guatemala,28.8,2015
522,97,Guatemala,27.3,2016
651,98,Guatemala,27.9,2017
782,102,Guatemala,25.5,2018
913,107,Guatemala,25.1,2019
1041,106,Guatemala,22.4,2020
1167,101,Guatemala,24.1,2021
1308,110,Guatemala,17.8,2022
125,126,Guinea,25.7,2013
280,139,Guinea,20.2,2014
423,139,Guinea,18.5,2015
552,127,Guinea,17.2,2016
679,126,Guinea,17.4,2017
799,119,Guinea,20.7,2018
931,125,Guinea,19.5,2019
1065,130,Guinea,17.3,2020
1196,130,Guinea,16.7,2021
1330,132,Guinea,11.6,2022
77,78,Guyana,34.4,2013
221,80,Guyana,32.5,2014
370,86,Guyana,30.7,2015
106,107,Honduras,28.8,2013
259,118,Honduras,26.7,2014
397,113,Honduras,27.5,2015
526,101,Honduras,26.9,2016
657,104,Honduras,26.4,2017
785,105,Honduras,24.9,2018
910,104,Honduras,25.5,2019
1038,103,Honduras,23,2020
1174,108,Honduras,22.8,2021
1311,113,Honduras,17.3,2022
1080,14,Hong Kong,53.7,2021
1212,14,Hong Kong,51.8,2022
6,7,Hong Kong,59.4,2013
151,10,Hong Kong,56.8,2014
295,11,Hong Kong,57.2,2015
439,14,Hong Kong,55.7,2016
569,16,Hong Kong,53.9,2017
694,14,Hong Kong,54.6,2018
819,13,Hong Kong,55.5,2019
946,11,Hong Kong,54.2,2020
30,31,Hungary,46.9,2013
176,35,Hungary,44.6,2014
319,35,Hungary,43,2015
458,33,Hungary,44.7,2016
592,39,Hungary,41.7,2017
713,33,Hungary,44.9,2018
839,33,Hungary,44.5,2019
970,35,Hungary,41.5,2020
1100,34,Hungary,42.7,2021
1232,34,Hungary,39.8,2022
12,13,Iceland,56.4,2013
160,19,Iceland,54.1,2014
297,13,Iceland,57,2015
438,13,Iceland,56,2016
566,13,Iceland,55.8,2017
703,23,Iceland,51.2,2018
826,20,Iceland,51.5,2019
956,21,Iceland,49.2,2020
1083,17,Iceland,51.8,2021
1218,20,Iceland,49.5,2022
65,66,India,36.2,2013
217,76,India,33.7,2014
365,81,India,31.7,2015
491,66,India,33.6,2016
613,60,India,35.5,2017
737,57,India,35.2,2018
858,52,India,36.6,2019
983,48,India,35.6,2020
1112,46,India,36.4,2021
1238,40,India,36.6,2022
84,85,Indonesia,32,2013
228,87,Indonesia,31.8,2014
381,97,Indonesia,29.8,2015
513,88,Indonesia,29.1,2016
640,87,Indonesia,30.1,2017
765,85,Indonesia,29.8,2018
891,85,Indonesia,29.7,2019
1020,85,Indonesia,26.5,2020
1153,87,Indonesia,27.1,2021
1273,75,Indonesia,27.9,2022
867,61,Iran,34.4,2019
1002,67,Iran,30.9,2020
1126,60,Iran,32.9,2021
1251,53,Iran,32.9,2022
261,120,Iran,26.1,2014
112,113,Iran,27.3,2013
390,106,Iran,28.4,2015
503,78,Iran,30.5,2016
628,75,Iran,32.1,2017
745,65,Iran,33.4,2018
1329,131,Iraq,11.9,2022
9,10,Ireland,57.9,2013
152,11,Ireland,56.7,2014
292,8,Ireland,59.1,2015
432,7,Ireland,59,2016
563,10,Ireland,58.1,2017
690,10,Ireland,57.2,2018
818,12,Ireland,56.1,2019
950,15,Ireland,53,2020
1085,19,Ireland,50.7,2021
1221,23,Ireland,48.5,2022
13,14,Israel,56,2013
156,15,Israel,55.5,2014
306,22,Israel,53.5,2015
446,21,Israel,52.3,2016
570,17,Israel,53.9,2017
691,11,Israel,56.8,2018
816,10,Israel,57.4,2019
948,13,Israel,53.5,2020
1081,15,Israel,53.4,2021
1214,16,Israel,50.2,2022
28,29,Italy,47.8,2013
172,31,Italy,45.7,2014
315,31,Italy,46.4,2015
454,29,Italy,47.2,2016
582,29,Italy,47,2017
711,31,Italy,46.3,2018
836,30,Italy,46.3,2019
963,28,Italy,45.7,2020
1095,29,Italy,45.7,2021
1226,28,Italy,46.1,2022
81,82,Jamaica,32.9,2013
223,82,Jamaica,32.4,2014
380,96,Jamaica,29.9,2015
514,89,Jamaica,29,2016
637,84,Jamaica,30.4,2017
761,81,Jamaica,30.4,2018
887,81,Jamaica,30.8,2019
1007,72,Jamaica,29.1,2020
1140,74,Jamaica,29.6,2021
1274,76,Jamaica,27.7,2022
21,22,Japan,52.2,2013
162,21,Japan,52.4,2014
303,19,Japan,54,2015
441,16,Japan,54.5,2016
567,14,Japan,54.7,2017
693,13,Japan,55,2018
821,15,Japan,54.7,2019
951,16,Japan,52.7,2020
1079,13,Japan,54.5,2021
1211,13,Japan,53.6,2022
60,61,Jordan,37.3,2013
205,64,Jordan,36.2,2014
359,75,Jordan,33.8,2015
507,82,Jordan,30,2016
636,83,Jordan,30.5,2017
759,79,Jordan,30.8,2018
892,86,Jordan,29.6,2019
1016,81,Jordan,27.8,2020
1147,81,Jordan,28.3,2021
1276,78,Jordan,27.4,2022
83,84,Kazakhstan,32.7,2013
220,79,Kazakhstan,32.8,2014
366,82,Kazakhstan,31.2,2015
500,75,Kazakhstan,31.5,2016
631,78,Kazakhstan,31.5,2017
754,74,Kazakhstan,31.4,2018
885,79,Kazakhstan,31,2019
1012,77,Kazakhstan,28.6,2020
1145,79,Kazakhstan,28.6,2021
1281,83,Kazakhstan,24.7,2022
98,99,Kenya,30.3,2013
226,85,Kenya,31.9,2014
376,92,Kenya,30.2,2015
505,80,Kenya,30.4,2016
633,80,Kenya,31,2017
758,78,Kenya,31.1,2018
883,77,Kenya,31.1,2019
1021,86,Kenya,26.1,2020
1151,85,Kenya,27.5,2021
1286,88,Kenya,22.8,2022
157,16,South Korea,55.3,2014
17,18,South Korea,53.3,2013
298,14,South Korea,56.3,2015
436,11,South Korea,57.1,2016
564,11,South Korea,57.7,2017
692,12,South Korea,56.6,2018
49,50,Kuwait,40,2013
210,69,Kuwait,35.2,2014
361,77,Kuwait,33.2,2015
492,67,Kuwait,33.6,2016
609,56,Kuwait,36.1,2017
740,60,Kuwait,34.4,2018
866,60,Kuwait,34.6,2019
1013,78,Kuwait,28.4,2020
1138,72,Kuwait,29.9,2021
1260,62,Kuwait,29.2,2022
116,117,Kyrgyzstan,27,2013
253,112,Kyrgyzstan,27.8,2014
393,109,Kyrgyzstan,28,2015
528,103,Kyrgyzstan,26.6,2016
648,95,Kyrgyzstan,28,2017
774,94,Kyrgyzstan,27.6,2018
896,90,Kyrgyzstan,28.4,2019
1029,94,Kyrgyzstan,24.5,2020
1164,98,Kyrgyzstan,24.5,2021
1292,94,Kyrgyzstan,21.1,2022
1183,117,Laos,20.2,2021
1310,112,Laos,17.4,2022
1048,113,Laos,20.6,2020
32,33,Latvia,45.2,2013
175,34,Latvia,44.8,2014
317,33,Latvia,45.5,2015
459,34,Latvia,44.3,2016
586,33,Latvia,44.6,2017
714,34,Latvia,43.2,2018
840,34,Latvia,43.2,2019
971,36,Latvia,41.1,2020
1104,38,Latvia,40,2021
1239,41,Latvia,36.5,2022
74,75,Lebanon,35.5,2013
218,77,Lebanon,33.6,2014
358,74,Lebanon,33.8,2015
495,70,Lebanon,32.7,2016
634,81,Lebanon,30.6,2017
770,90,Lebanon,28.2,2018
894,88,Lebanon,28.5,2019
1022,87,Lebanon,26,2020
1158,92,Lebanon,25.1,2021
123,124,Lesotho,26.3,2013
258,117,Lesotho,27,2014
402,118,Lesotho,27,2015
39,40,Lithuania,41.4,2013
180,39,Lithuania,41,2014
322,38,Lithuania,42.3,2015
461,36,Lithuania,41.8,2016
593,40,Lithuania,41.2,2017
720,40,Lithuania,41.2,2018
844,38,Lithuania,41.5,2019
975,40,Lithuania,39.2,2020
1105,39,Lithuania,39.9,2021
1237,39,Lithuania,37.4,2022
11,12,Luxembourg,56.6,2013
150,9,Luxembourg,56.9,2014
293,9,Luxembourg,59,2015
437,12,Luxembourg,57.1,2016
565,12,Luxembourg,56.4,2017
695,15,Luxembourg,54.5,2018
824,18,Luxembourg,53.5,2019
953,18,Luxembourg,50.8,2020
1089,23,Luxembourg,49,2021
1217,19,Luxembourg,49.8,2022
139,140,Madagascar,22.9,2013
265,124,Madagascar,25.5,2014
409,125,Madagascar,24.4,2015
536,111,Madagascar,24.8,2016
664,111,Madagascar,24.2,2017
786,106,Madagascar,24.8,2018
927,121,Madagascar,22.4,2019
1050,115,Madagascar,20.4,2020
1176,110,Madagascar,22.5,2021
1304,106,Madagascar,18.6,2022
118,119,Malawi,26.7,2013
254,113,Malawi,27.6,2014
382,98,Malawi,29.7,2015
523,98,Malawi,27.3,2016
668,115,Malawi,23.5,2017
794,114,Malawi,23.1,2018
924,118,Malawi,23,2019
1046,111,Malawi,21.4,2020
1173,107,Malawi,22.9,2021
31,32,Malaysia,46.9,2013
174,33,Malaysia,45.6,2014
316,32,Malaysia,46,2015
460,35,Malaysia,43.4,2016
590,37,Malaysia,42.7,2017
715,35,Malaysia,43,2018
841,35,Malaysia,42.7,2019
968,33,Malaysia,42.4,2020
1102,36,Malaysia,41.9,2021
1234,36,Malaysia,38.7,2022
105,106,Mali,28.8,2013
260,119,Mali,26.2,2014
389,105,Mali,28.4,2015
537,112,Mali,24.8,2016
671,118,Mali,22.5,2017
792,112,Mali,23.3,2018
918,112,Mali,24,2019
1058,123,Mali,19.2,2020
1190,124,Mali,19.5,2021
1324,126,Mali,14.2,2022
23,24,Malta,51.8,2013
166,25,Malta,50.4,2014
310,26,Malta,50.5,2015
451,26,Malta,50.4,2016
579,26,Malta,50.6,2017
706,26,Malta,50.3,2018
833,27,Malta,49,2019
962,27,Malta,46.4,2020
1093,27,Malta,47.1,2021
1219,21,Malta,49.1,2022
1327,129,Mauritania,12.4,2022
52,53,Mauritania,38,2013
181,40,Mauritania,40.9,2014
333,49,Mauritania,39.2,2015
478,53,Mauritania,35.9,2016
617,64,Mauritania,34.8,2017
755,75,Mauritania,31.3,2018
888,82,Mauritania,30.6,2019
987,52,Mauritania,34.4,2020
1118,52,Mauritania,35.2,2021
1243,45,Mauritania,34.4,2022
62,63,Mexico,36.8,2013
207,66,Mexico,36,2014
341,57,Mexico,38,2015
486,61,Mexico,34.6,2016
611,58,Mexico,35.8,2017
736,56,Mexico,35.3,2018
862,56,Mexico,36.1,2019
990,55,Mexico,33.6,2020
1121,55,Mexico,34.5,2021
1256,58,Mexico,31,2022
184,43,Moldova,40.7,2014
44,45,Moldova,40.9,2013
328,44,Moldova,40.5,2015
471,46,Moldova,38.4,2016
607,54,Moldova,36.8,2017
728,48,Moldova,37.6,2018
71,72,Mongolia,35.8,2013
197,56,Mongolia,37.5,2014
350,66,Mongolia,36.4,2015
480,55,Mongolia,35.7,2016
605,52,Mongolia,37.1,2017
733,53,Mongolia,35.9,2018
859,53,Mongolia,36.3,2019
993,58,Mongolia,33.4,2020
1124,58,Mongolia,34.2,2021
1269,71,Mongolia,28,2022
43,44,Montenegro,41,2013
200,59,Montenegro,37,2014
325,41,Montenegro,41.2,2015
476,51,Montenegro,37.4,2016
601,48,Montenegro,38.1,2017
732,52,Montenegro,36.5,2018
851,45,Montenegro,37.7,2019
984,49,Montenegro,35.4,2020
1116,50,Montenegro,35.4,2021
1258,60,Montenegro,30.3,2022
91,92,Morocco,30.9,2013
225,84,Morocco,32.2,2014
362,78,Morocco,33.2,2015
497,72,Morocco,32.3,2016
625,72,Morocco,32.7,2017
756,76,Morocco,31.1,2018
880,74,Morocco,31.6,2019
1010,75,Morocco,29,2020
1143,77,Morocco,29.3,2021
1265,67,Morocco,28.8,2022
120,121,Mozambique,26.5,2013
248,107,Mozambique,28.5,2014
379,95,Mozambique,30.1,2015
509,84,Mozambique,29.8,2016
660,107,Mozambique,24.5,2017
795,115,Mozambique,23.1,2018
925,119,Mozambique,22.9,2019
1059,124,Mozambique,18.7,2020
1188,122,Mozambique,19.7,2021
1321,123,Mozambique,15,2022
281,140,Myanmar,19.6,2014
422,138,Myanmar,20.3,2015
1064,129,Myanmar,17.7,2020
1193,127,Myanmar,18.4,2021
1314,116,Myanmar,16.4,2022
108,109,Namibia,28.4,2013
249,108,Namibia,28.5,2014
391,107,Namibia,28.1,2015
518,93,Namibia,28.2,2016
650,97,Namibia,27.9,2017
773,93,Namibia,28,2018
907,101,Namibia,25.9,2019
1039,104,Namibia,22.5,2020
1166,100,Namibia,24.3,2021
1294,96,Namibia,20.6,2022
127,128,Nepal,25,2013
277,136,Nepal,23.8,2014
419,135,Nepal,21.1,2015
540,115,Nepal,23.1,2016
662,109,Nepal,24.2,2017
788,108,Nepal,24.2,2018
915,109,Nepal,24.9,2019
1030,95,Nepal,24.4,2020
1177,111,Nepal,22.5,2021
1309,111,Nepal,17.6,2022
3,4,Netherlands,61.1,2013
146,5,Netherlands,60.6,2014
288,4,Netherlands,61.6,2015
434,9,Netherlands,58.3,2016
556,3,Netherlands,63.4,2017
682,2,Netherlands,63.3,2018
1072,6,Netherlands,58.6,2021
1203,5,Netherlands,58,2022
810,4,Netherlands,61.4,2019
940,5,Netherlands,58.8,2020
16,17,New Zealand,54.5,2013
159,18,New Zealand,54.5,2014
299,15,New Zealand,55.9,2015
442,17,New Zealand,54.2,2016
574,21,New Zealand,52.9,2017
702,22,New Zealand,51.3,2018
831,25,New Zealand,49.6,2019
961,26,New Zealand,47,2020
1092,26,New Zealand,47.5,2021
1222,24,New Zealand,47.2,2022
114,115,Nicaragua,27.1,2013
266,125,Nicaragua,25.5,2014
414,130,Nicaragua,23.5,2015
541,116,Nicaragua,23.1,2016
926,120,Nicaragua,22.5,2019
1306,108,Nicaragua,18.1,2022
130,131,Niger,24,2013
272,131,Niger,24.3,2014
418,134,Niger,21.2,2015
549,124,Niger,20.4,2016
676,123,Niger,21.2,2017
802,122,Niger,20.6,2018
1195,129,Niger,17.8,2021
1323,125,Niger,14.6,2022
933,127,Niger,18.1,2019
1063,128,Niger,17.8,2020
119,120,Nigeria,26.6,2013
251,110,Nigeria,27.8,2014
412,128,Nigeria,23.7,2015
539,114,Nigeria,23.1,2016
672,119,Nigeria,21.9,2017
798,118,Nigeria,22.4,2018
920,114,Nigeria,23.9,2019
1052,117,Nigeria,20.1,2020
1184,118,Nigeria,20.1,2021
1312,114,Nigeria,16.9,2022
865,59,North Macedonia,35.3,2019
992,57,North Macedonia,33.4,2020
1125,59,North Macedonia,34.1,2021
1264,66,North Macedonia,28.8,2022
15,16,Norway,55.6,2013
155,14,Norway,55.6,2014
304,20,Norway,53.8,2015
447,22,Norway,52,2016
572,19,Norway,53.1,2017
699,19,Norway,52.6,2018
825,19,Norway,51.9,2019
955,20,Norway,49.3,2020
1086,20,Norway,50.4,2021
1220,22,Norway,48.8,2022
79,80,Oman,33.3,2013
216,75,Oman,33.9,2014
353,69,Oman,35,2015
498,73,Oman,32.2,2016
630,77,Oman,31.8,2017
749,69,Oman,32.8,2018
886,80,Oman,31,2019
1019,84,Oman,26.5,2020
1142,76,Oman,29.4,2021
1277,79,Oman,26.8,2022
136,137,Pakistan,23.3,2013
275,134,Pakistan,24,2014
415,131,Pakistan,23.1,2015
544,119,Pakistan,22.6,2016
666,113,Pakistan,23.8,2017
789,109,Pakistan,24.1,2018
911,105,Pakistan,25.4,2019
1042,107,Pakistan,22.3,2020
1165,99,Pakistan,24.4,2021
1285,87,Pakistan,23,2022
85,86,Panama,31.8,2013
193,52,Panama,38.3,2014
346,62,Panama,36.8,2015
493,68,Panama,33.5,2016
616,63,Panama,35,2017
750,70,Panama,32.4,2018
881,75,Panama,31.5,2019
1008,73,Panama,29,2020
1149,83,Panama,28,2021
1279,81,Panama,25.7,2022
99,100,Paraguay,30.3,2013
230,89,Paraguay,31.6,2014
372,88,Paraguay,30.7,2015
519,94,Paraguay,28.2,2016
638,85,Paraguay,30.3,2017
769,89,Paraguay,28.7,2018
901,95,Paraguay,27.1,2019
1032,97,Paraguay,24.1,2020
1154,88,Paraguay,26.4,2021
1289,91,Paraguay,22.6,2022
68,69,Peru,36,2013
214,73,Peru,34.7,2014
355,71,Peru,34.9,2015
496,71,Peru,32.5,2016
623,70,Peru,32.9,2017
751,71,Peru,31.8,2018
875,69,Peru,32.9,2019
1011,76,Peru,28.8,2020
1136,70,Peru,31.2,2021
1263,65,Peru,29.1,2022
89,90,Philippines,31.2,2013
241,100,Philippines,29.9,2014
367,83,Philippines,31.1,2015
499,74,Philippines,31.8,2016
626,73,Philippines,32.5,2017
753,73,Philippines,31.6,2018
860,54,Philippines,36.2,2019
985,50,Philippines,35.2,2020
1117,51,Philippines,35.3,2021
1257,59,Philippines,30.7,2022
48,49,Poland,40.1,2013
186,45,Poland,40.6,2014
330,46,Poland,40.2,2015
464,39,Poland,40.2,2016
591,38,Poland,42,2017
719,39,Poland,41.7,2018
845,39,Poland,41.3,2019
973,38,Poland,40,2020
1106,40,Poland,39.9,2021
1236,38,Poland,37.5,2022
33,34,Portugal,45.1,2013
173,32,Portugal,45.6,2014
314,30,Portugal,46.6,2015
455,30,Portugal,46.4,2016
584,31,Portugal,46.1,2017
712,32,Portugal,45.7,2018
838,32,Portugal,44.6,2019
966,31,Portugal,43.5,2020
1097,31,Portugal,44.2,2021
1230,32,Portugal,42.1,2022
42,43,Qatar,41,2013
188,47,Qatar,40.3,2014
334,50,Qatar,39,2015
475,50,Qatar,37.5,2016
602,49,Qatar,37.9,2017
731,51,Qatar,36.6,2018
871,65,Qatar,33.9,2019
1005,70,Qatar,30.8,2020
1134,68,Qatar,31.5,2021
1250,52,Qatar,32.9,2022
1071,5,South Korea,59.3,2021
1204,6,South Korea,57.8,2022
817,11,South Korea,56.6,2019
945,10,South Korea,56.1,2020
1130,64,Moldova,32.3,2021
1254,56,Moldova,31.1,2022
864,58,Moldova,35.5,2019
994,59,Moldova,33,2020
47,48,Romania,40.3,2013
196,55,Romania,38.1,2014
338,54,Romania,38.2,2015
473,48,Romania,37.9,2016
595,42,Romania,39.2,2017
729,49,Romania,37.6,2018
856,50,Romania,36.8,2019
981,46,Romania,36,2020
1114,48,Romania,35.6,2021
1247,49,Romania,34.1,2022
61,62,Russia,37.2,2013
190,49,Russia,39.1,2014
332,48,Russia,39.3,2015
468,43,Russia,38.5,2016
598,45,Russia,38.8,2017
726,46,Russia,37.9,2018
1111,45,Russia,36.6,2021
1245,47,Russia,34.3,2022
852,46,Russia,37.6,2019
982,47,Russia,35.6,2020
111,112,Rwanda,27.6,2013
243,102,Rwanda,29.3,2014
378,94,Rwanda,30.1,2015
508,83,Rwanda,30,2016
652,99,Rwanda,27.4,2017
779,99,Rwanda,26.5,2018
900,94,Rwanda,27.4,2019
1026,91,Rwanda,25.1,2020
1168,102,Rwanda,23.9,2021
1303,105,Rwanda,18.7,2022
41,42,Saudi Arabia,41.2,2013
179,38,Saudi Arabia,41.6,2014
327,43,Saudi Arabia,40.7,2015
474,49,Saudi Arabia,37.8,2016
608,55,Saudi Arabia,36.2,2017
741,61,Saudi Arabia,34.3,2018
874,68,Saudi Arabia,32.9,2019
1001,66,Saudi Arabia,30.9,2020
1132,66,Saudi Arabia,31.8,2021
1249,51,Saudi Arabia,33.4,2022
95,96,Senegal,30.5,2013
239,98,Senegal,30.1,2014
368,84,Senegal,31,2015
531,106,Senegal,26.1,2016
653,100,Senegal,27.1,2017
780,100,Senegal,26.5,2018
902,96,Senegal,26.8,2019
1037,102,Senegal,23.7,2020
1171,105,Senegal,23.3,2021
1297,99,Senegal,19.9,2022
53,54,Serbia,37.9,2013
208,67,Serbia,35.9,2014
347,63,Serbia,36.5,2015
490,65,Serbia,33.8,2016
615,62,Serbia,35.3,2017
735,55,Serbia,35.5,2018
863,57,Serbia,35.7,2019
988,53,Serbia,34.3,2020
1120,54,Serbia,35,2021
1253,55,Serbia,32.3,2022
192,51,Seychelles,38.6,2014
349,65,Seychelles,36.4,2015
7,8,Singapore,59.4,2013
148,7,Singapore,59.2,2014
291,7,Singapore,59.4,2015
431,6,Singapore,59.2,2016
560,7,Singapore,58.7,2017
685,5,Singapore,59.8,2018
814,8,Singapore,58.4,2019
943,8,Singapore,56.6,2020
1074,8,Singapore,57.8,2021
1205,7,Singapore,57.3,2022
35,36,Slovakia,42.2,2013
178,37,Slovakia,41.9,2014
320,36,Slovakia,43,2015
462,37,Slovakia,41.7,2016
587,34,Slovakia,43.4,2017
716,36,Slovakia,42.9,2018
843,37,Slovakia,42,2019
974,39,Slovakia,39.7,2020
1103,37,Slovakia,40.2,2021
1244,46,Slovakia,34.3,2022
29,30,Slovenia,47.3,2013
169,28,Slovenia,47.2,2014
312,28,Slovenia,48.5,2015
457,32,Slovenia,46,2016
585,32,Slovenia,45.8,2017
710,30,Slovenia,46.9,2018
837,31,Slovenia,45.3,2019
967,32,Slovenia,42.9,2020
1098,32,Slovenia,44.1,2021
1231,33,Slovenia,40.6,2022
57,58,South Africa,37.6,2013
194,53,South Africa,38.2,2014
344,60,South Africa,37.4,2015
479,54,South Africa,35.8,2016
610,57,South Africa,35.8,2017
738,58,South Africa,35.1,2018
869,63,South Africa,34,2019
995,60,South Africa,32.7,2020
1127,61,South Africa,32.7,2021
1259,61,South Africa,29.8,2022
25,26,Spain,49.4,2013
168,27,Spain,49.3,2014
311,27,Spain,49.1,2015
453,28,Spain,49.2,2016
581,28,Spain,48.8,2017
708,28,Spain,48.7,2018
835,29,Spain,47.9,2019
965,30,Spain,45.6,2020
1096,30,Spain,45.4,2021
1227,29,Spain,44.6,2022
97,98,Sri Lanka,30.4,2013
246,105,Sri Lanka,29,2014
369,85,Sri Lanka,30.8,2015
516,91,Sri Lanka,28.9,2016
643,90,Sri Lanka,29.9,2017
768,88,Sri Lanka,28.7,2018
895,89,Sri Lanka,28.5,2019
1036,101,Sri Lanka,23.8,2020
1161,95,Sri Lanka,25.1,2021
1283,85,Sri Lanka,24.2,2022
140,141,Sudan,19.8,2013
284,143,Sudan,12.7,2014
425,141,Sudan,15,2015
103,104,eSwatini,29.6,2013
268,127,eSwatini,25.3,2014
407,123,eSwatini,25.4,2015
1,2,Sweden,61.4,2013
144,3,Sweden,62.3,2014
287,3,Sweden,62.4,2015
427,2,Sweden,63.6,2016
555,2,Sweden,63.8,2017
683,3,Sweden,63.1,2018
808,2,Sweden,63.7,2019
937,2,Sweden,62.5,2020
1068,2,Sweden,63.1,2021
1201,3,Sweden,61.6,2022
0,1,Switzerland,66.6,2013
142,1,Switzerland,64.8,2014
285,1,Switzerland,68.3,2015
426,1,Switzerland,66.3,2016
554,1,Switzerland,67.7,2017
681,1,Switzerland,68.4,2018
807,1,Switzerland,67.2,2019
936,1,Switzerland,66.1,2020
1067,1,Switzerland,65.5,2021
1199,1,Switzerland,64.6,2022
133,134,Syria,23.7,2013
340,56,North Macedonia,38,2015
614,61,North Macedonia,35.4,2017
764,84,North Macedonia,29.9,2018
100,101,Tajikistan,30,2013
278,137,Tajikistan,23.7,2014
398,114,Tajikistan,27.5,2015
511,86,Tajikistan,29.6,2016
647,94,Tajikistan,28.2,2017
781,101,Tajikistan,26.5,2018
906,100,Tajikistan,26.4,2019
1044,109,Tajikistan,22.2,2020
1169,103,Tajikistan,23.9,2021
1302,104,Tajikistan,18.8,2022
264,123,Tanzania,25.6,2014
122,123,Tanzania,26.4,2013
401,117,Tanzania,27,2015
530,105,Tanzania,26.4,2016
649,96,Tanzania,28,2017
772,92,Tanzania,28.1,2018
56,57,Thailand,37.6,2013
189,48,Thailand,39.3,2014
339,55,Thailand,38.1,2015
477,52,Thailand,36.5,2016
604,51,Thailand,37.6,2017
724,44,Thailand,38,2018
849,43,Thailand,38.6,2019
979,44,Thailand,36.7,2020
1109,43,Thailand,37.2,2021
1241,43,Thailand,34.9,2022
50,51,North Macedonia,38.2,2013
201,60,North Macedonia,36.9,2014
483,58,North Macedonia,35.4,2016
138,139,Togo,23,2013
283,142,Togo,17.6,2014
424,140,Togo,18.4,2015
551,126,Togo,18.4,2016
678,125,Togo,18.4,2017
805,125,Togo,18.9,2018
932,126,Togo,18.5,2019
1060,125,Togo,18.5,2020
1191,125,Togo,19.3,2021
1320,122,Togo,15.1,2022
80,81,Trinidad and Tobago,33.2,2013
231,90,Trinidad and Tobago,31.6,2014
364,80,Trinidad and Tobago,32.2,2015
644,91,Trinidad and Tobago,29.7,2017
776,96,Trinidad and Tobago,27,2018
897,91,Trinidad and Tobago,28.1,2019
1033,98,Trinidad and Tobago,24.1,2020
1163,97,Trinidad and Tobago,24.8,2021
1299,101,Trinidad and Tobago,19.8,2022
69,70,Tunisia,35.8,2013
219,78,Tunisia,32.9,2014
360,76,Tunisia,33.5,2015
502,77,Tunisia,30.6,2016
627,74,Tunisia,32.3,2017
746,66,Tunisia,32.9,2018
876,70,Tunisia,32.8,2019
1000,65,Tunisia,31.2,2020
1137,71,Tunisia,30.7,2021
1271,73,Tunisia,27.9,2022
67,68,Turkey,36,2013
195,54,Turkey,38.2,2014
342,58,Turkey,37.8,2015
467,42,Turkey,39,2016
596,43,Turkey,38.9,2017
730,50,Turkey,37.4,2018
855,49,Turkey,36.9,2019
986,51,Turkey,34.9,2020
1107,41,Turkey,38.3,2021
1235,37,Trkiye,38.1,2022
88,89,Uganda,31.2,2013
232,91,Uganda,31.1,2014
395,111,Uganda,27.6,2015
524,99,Uganda,27.1,2016
655,102,Uganda,27,2017
783,103,Uganda,25.3,2018
908,102,Uganda,25.6,2019
1049,114,Uganda,20.5,2020
1185,119,Uganda,20,2021
1317,119,Uganda,15.7,2022
70,71,Ukraine,35.8,2013
204,63,Ukraine,36.3,2014
348,64,Ukraine,36.5,2015
481,56,Ukraine,35.7,2016
603,50,Ukraine,37.6,2017
723,43,Ukraine,38.5,2018
853,47,Ukraine,37.4,2019
980,45,Ukraine,36.3,2020
1115,49,Ukraine,35.6,2021
1255,57,Ukraine,31,2022
37,38,United Arab Emirates,41.9,2013
177,36,United Arab Emirates,43.2,2014
331,47,United Arab Emirates,40.1,2015
466,41,United Arab Emirates,39.4,2016
588,35,United Arab Emirates,43.2,2017
718,38,United Arab Emirates,42.6,2018
1099,33,United Arab Emirates,43,2021
1229,31,United Arab Emirates,42.1,2022
842,36,United Arab Emirates,42.2,2019
969,34,United Arab Emirates,41.8,2020
2,3,United Kingdom,61.2,2013
143,2,United Kingdom,62.4,2014
286,2,United Kingdom,62.4,2015
428,3,United Kingdom,61.9,2016
558,5,United Kingdom,60.9,2017
684,4,United Kingdom,60.1,2018
1070,4,United Kingdom,59.8,2021
1202,4,United Kingdom,59.7,2022
811,5,United Kingdom,61.3,2019
939,4,United Kingdom,59.8,2020
1156,90,Tanzania,25.6,2021
1301,103,Tanzania,19.4,2022
903,97,Tanzania,26.6,2019
1023,88,Tanzania,25.6,2020
4,5,United States of America,60.3,2013
147,6,United States of America,60.1,2014
289,5,United States of America,60.1,2015
429,4,United States of America,61.4,2016
557,4,United States of America,61.4,2017
686,6,United States of America,59.8,2018
1069,3,United States of America,61.3,2021
1200,2,United States of America,61.8,2022
809,3,United States of America,61.7,2019
938,3,United States of America,60.6,2020
51,52,Uruguay,38.1,2013
213,72,Uruguay,34.8,2014
352,68,Uruguay,35.8,2015
487,62,Uruguay,34.3,2016
620,67,Uruguay,34.5,2017
742,62,Uruguay,34.2,2018
868,62,Uruguay,34.3,2019
1004,69,Uruguay,30.8,2020
1131,65,Uruguay,32.2,2021
1262,64,Uruguay,29.2,2022
132,133,Uzbekistan,23.9,2013
269,128,Uzbekistan,25.2,2014
406,122,Uzbekistan,25.9,2015
1028,93,Uzbekistan,24.5,2020
1152,86,Uzbekistan,27.4,2021
1280,82,Uzbekistan,25.3,2022
263,122,Venezuela,25.7,2014
113,114,Venezuela,27.3,2013
416,132,Venezuela,22.8,2015
545,120,Venezuela,22.3,2016
75,76,Vietnam,34.8,2013
212,71,Vietnam,34.9,2014
336,52,Vietnam,38.3,2015
484,59,Vietnam,35.4,2016
600,47,Vietnam,38.3,2017
725,45,Vietnam,37.9,2018
848,42,Vietnam,38.8,2019
977,42,Vietnam,37.1,2020
1110,44,Vietnam,37,2021
1246,48,Vietnam,34.3,2022
141,142,Yemen,19.3,2013
282,141,Yemen,19.5,2014
421,137,Yemen,20.8,2015
553,128,Yemen,14.6,2016
680,127,Yemen,15.6,2017
806,126,Yemen,15,2018
935,129,Yemen,14.5,2019
1066,131,Yemen,13.6,2020
1197,131,Yemen,15.4,2021
1326,128,Yemen,13.8,2022
117,118,Zambia,26.8,2013
262,121,Zambia,25.8,2014
408,124,Zambia,24.6,2015
550,125,Zambia,19.9,2016
677,124,Zambia,20.8,2017
800,120,Zambia,20.7,2018
930,124,Zambia,20.4,2019
1057,122,Zambia,19.4,2020
1187,121,Zambia,19.8,2021
1316,118,Zambia,15.8,2022
131,132,Zimbabwe,24,2013
271,130,Zimbabwe,24.3,2014
417,133,Zimbabwe,22.5,2015
674,121,Zimbabwe,21.8,2017
793,113,Zimbabwe,23.1,2018
928,122,Zimbabwe,22.3,2019
1055,120,Zimbabwe,20,2020
1179,113,Zimbabwe,21.9,2021
1305,107,Zimbabwe,18.1,2022
